method	condition	replicate	tree	split_type	split
mash_bionj	very_low	rep_001	results/phylo/mash_bionj/very_low/rep_001/inferred_tree.nwk	matching	S01,S02
mash_bionj	very_low	rep_001	results/phylo/mash_bionj/very_low/rep_001/inferred_tree.nwk	matching	S01,S02,S03,S04
mash_bionj	very_low	rep_001	results/phylo/mash_bionj/very_low/rep_001/inferred_tree.nwk	matching	S01,S02,S03,S04,S05,S06,S07,S08
mash_bionj	very_low	rep_001	results/phylo/mash_bionj/very_low/rep_001/inferred_tree.nwk	matching	S03,S04
mash_bionj	very_low	rep_001	results/phylo/mash_bionj/very_low/rep_001/inferred_tree.nwk	matching	S05,S06
mash_bionj	very_low	rep_001	results/phylo/mash_bionj/very_low/rep_001/inferred_tree.nwk	matching	S05,S06,S07,S08
mash_bionj	very_low	rep_001	results/phylo/mash_bionj/very_low/rep_001/inferred_tree.nwk	matching	S07,S08
mash_bionj	very_low	rep_001	results/phylo/mash_bionj/very_low/rep_001/inferred_tree.nwk	matching	S09,S10
mash_bionj	very_low	rep_001	results/phylo/mash_bionj/very_low/rep_001/inferred_tree.nwk	matching	S09,S10,S11,S12
mash_bionj	very_low	rep_001	results/phylo/mash_bionj/very_low/rep_001/inferred_tree.nwk	matching	S11,S12
mash_bionj	very_low	rep_001	results/phylo/mash_bionj/very_low/rep_001/inferred_tree.nwk	matching	S13,S14
mash_bionj	very_low	rep_001	results/phylo/mash_bionj/very_low/rep_001/inferred_tree.nwk	matching	S13,S14,S15,S16
mash_bionj	very_low	rep_001	results/phylo/mash_bionj/very_low/rep_001/inferred_tree.nwk	matching	S15,S16
mash_bionj	low	rep_001	results/phylo/mash_bionj/low/rep_001/inferred_tree.nwk	matching	S01,S02
mash_bionj	low	rep_001	results/phylo/mash_bionj/low/rep_001/inferred_tree.nwk	matching	S01,S02,S03,S04
mash_bionj	low	rep_001	results/phylo/mash_bionj/low/rep_001/inferred_tree.nwk	matching	S01,S02,S03,S04,S05,S06,S07,S08
mash_bionj	low	rep_001	results/phylo/mash_bionj/low/rep_001/inferred_tree.nwk	matching	S03,S04
mash_bionj	low	rep_001	results/phylo/mash_bionj/low/rep_001/inferred_tree.nwk	matching	S05,S06
mash_bionj	low	rep_001	results/phylo/mash_bionj/low/rep_001/inferred_tree.nwk	matching	S05,S06,S07,S08
mash_bionj	low	rep_001	results/phylo/mash_bionj/low/rep_001/inferred_tree.nwk	matching	S07,S08
mash_bionj	low	rep_001	results/phylo/mash_bionj/low/rep_001/inferred_tree.nwk	matching	S09,S10
mash_bionj	low	rep_001	results/phylo/mash_bionj/low/rep_001/inferred_tree.nwk	matching	S09,S10,S11,S12
mash_bionj	low	rep_001	results/phylo/mash_bionj/low/rep_001/inferred_tree.nwk	matching	S11,S12
mash_bionj	low	rep_001	results/phylo/mash_bionj/low/rep_001/inferred_tree.nwk	matching	S13,S14
mash_bionj	low	rep_001	results/phylo/mash_bionj/low/rep_001/inferred_tree.nwk	matching	S13,S14,S15,S16
mash_bionj	low	rep_001	results/phylo/mash_bionj/low/rep_001/inferred_tree.nwk	matching	S15,S16
mash_bionj	normal	rep_001	results/phylo/mash_bionj/normal/rep_001/inferred_tree.nwk	matching	S01,S02,S03,S04
mash_bionj	normal	rep_001	results/phylo/mash_bionj/normal/rep_001/inferred_tree.nwk	matching	S03,S04
mash_bionj	normal	rep_001	results/phylo/mash_bionj/normal/rep_001/inferred_tree.nwk	matching	S05,S06
mash_bionj	normal	rep_001	results/phylo/mash_bionj/normal/rep_001/inferred_tree.nwk	matching	S07,S08
mash_bionj	normal	rep_001	results/phylo/mash_bionj/normal/rep_001/inferred_tree.nwk	matching	S09,S10
mash_bionj	normal	rep_001	results/phylo/mash_bionj/normal/rep_001/inferred_tree.nwk	matching	S09,S10,S11,S12
mash_bionj	normal	rep_001	results/phylo/mash_bionj/normal/rep_001/inferred_tree.nwk	matching	S11,S12
mash_bionj	normal	rep_001	results/phylo/mash_bionj/normal/rep_001/inferred_tree.nwk	matching	S13,S14
mash_bionj	normal	rep_001	results/phylo/mash_bionj/normal/rep_001/inferred_tree.nwk	missing_from_inferred	S01,S02
mash_bionj	normal	rep_001	results/phylo/mash_bionj/normal/rep_001/inferred_tree.nwk	missing_from_inferred	S01,S02,S03,S04,S05,S06,S07,S08
mash_bionj	normal	rep_001	results/phylo/mash_bionj/normal/rep_001/inferred_tree.nwk	missing_from_inferred	S05,S06,S07,S08
mash_bionj	normal	rep_001	results/phylo/mash_bionj/normal/rep_001/inferred_tree.nwk	missing_from_inferred	S13,S14,S15,S16
mash_bionj	normal	rep_001	results/phylo/mash_bionj/normal/rep_001/inferred_tree.nwk	missing_from_inferred	S15,S16
mash_bionj	normal	rep_001	results/phylo/mash_bionj/normal/rep_001/inferred_tree.nwk	extra_in_inferred	S01,S02,S03,S04,S15
mash_bionj	normal	rep_001	results/phylo/mash_bionj/normal/rep_001/inferred_tree.nwk	extra_in_inferred	S02,S03,S04
mash_bionj	normal	rep_001	results/phylo/mash_bionj/normal/rep_001/inferred_tree.nwk	extra_in_inferred	S05,S06,S07,S08,S16
mash_bionj	normal	rep_001	results/phylo/mash_bionj/normal/rep_001/inferred_tree.nwk	extra_in_inferred	S05,S06,S16
mash_bionj	normal	rep_001	results/phylo/mash_bionj/normal/rep_001/inferred_tree.nwk	extra_in_inferred	S09,S10,S11,S12,S13,S14
mash_bionj	high	rep_001	results/phylo/mash_bionj/high/rep_001/inferred_tree.nwk	matching	S01,S02,S03,S04,S05,S06,S07,S08
mash_bionj	high	rep_001	results/phylo/mash_bionj/high/rep_001/inferred_tree.nwk	matching	S07,S08
mash_bionj	high	rep_001	results/phylo/mash_bionj/high/rep_001/inferred_tree.nwk	matching	S09,S10
mash_bionj	high	rep_001	results/phylo/mash_bionj/high/rep_001/inferred_tree.nwk	matching	S09,S10,S11,S12
mash_bionj	high	rep_001	results/phylo/mash_bionj/high/rep_001/inferred_tree.nwk	matching	S13,S14
mash_bionj	high	rep_001	results/phylo/mash_bionj/high/rep_001/inferred_tree.nwk	missing_from_inferred	S01,S02
mash_bionj	high	rep_001	results/phylo/mash_bionj/high/rep_001/inferred_tree.nwk	missing_from_inferred	S01,S02,S03,S04
mash_bionj	high	rep_001	results/phylo/mash_bionj/high/rep_001/inferred_tree.nwk	missing_from_inferred	S03,S04
mash_bionj	high	rep_001	results/phylo/mash_bionj/high/rep_001/inferred_tree.nwk	missing_from_inferred	S05,S06
mash_bionj	high	rep_001	results/phylo/mash_bionj/high/rep_001/inferred_tree.nwk	missing_from_inferred	S05,S06,S07,S08
mash_bionj	high	rep_001	results/phylo/mash_bionj/high/rep_001/inferred_tree.nwk	missing_from_inferred	S11,S12
mash_bionj	high	rep_001	results/phylo/mash_bionj/high/rep_001/inferred_tree.nwk	missing_from_inferred	S13,S14,S15,S16
mash_bionj	high	rep_001	results/phylo/mash_bionj/high/rep_001/inferred_tree.nwk	missing_from_inferred	S15,S16
mash_bionj	high	rep_001	results/phylo/mash_bionj/high/rep_001/inferred_tree.nwk	extra_in_inferred	S01,S02,S03,S04,S05,S07,S08
mash_bionj	high	rep_001	results/phylo/mash_bionj/high/rep_001/inferred_tree.nwk	extra_in_inferred	S01,S03,S04,S05,S07,S08
mash_bionj	high	rep_001	results/phylo/mash_bionj/high/rep_001/inferred_tree.nwk	extra_in_inferred	S01,S03,S05,S07,S08
mash_bionj	high	rep_001	results/phylo/mash_bionj/high/rep_001/inferred_tree.nwk	extra_in_inferred	S03,S05,S07,S08
mash_bionj	high	rep_001	results/phylo/mash_bionj/high/rep_001/inferred_tree.nwk	extra_in_inferred	S03,S07,S08
mash_bionj	high	rep_001	results/phylo/mash_bionj/high/rep_001/inferred_tree.nwk	extra_in_inferred	S09,S10,S11,S12,S13,S14
mash_bionj	high	rep_001	results/phylo/mash_bionj/high/rep_001/inferred_tree.nwk	extra_in_inferred	S09,S10,S11,S12,S13,S14,S15
mash_bionj	high	rep_001	results/phylo/mash_bionj/high/rep_001/inferred_tree.nwk	extra_in_inferred	S09,S10,S12
mash_bionj	very_high	rep_001	results/phylo/mash_bionj/very_high/rep_001/inferred_tree.nwk	matching	S01,S02,S03,S04,S05,S06,S07,S08
mash_bionj	very_high	rep_001	results/phylo/mash_bionj/very_high/rep_001/inferred_tree.nwk	matching	S05,S06
mash_bionj	very_high	rep_001	results/phylo/mash_bionj/very_high/rep_001/inferred_tree.nwk	matching	S15,S16
mash_bionj	very_high	rep_001	results/phylo/mash_bionj/very_high/rep_001/inferred_tree.nwk	missing_from_inferred	S01,S02
mash_bionj	very_high	rep_001	results/phylo/mash_bionj/very_high/rep_001/inferred_tree.nwk	missing_from_inferred	S01,S02,S03,S04
mash_bionj	very_high	rep_001	results/phylo/mash_bionj/very_high/rep_001/inferred_tree.nwk	missing_from_inferred	S03,S04
mash_bionj	very_high	rep_001	results/phylo/mash_bionj/very_high/rep_001/inferred_tree.nwk	missing_from_inferred	S05,S06,S07,S08
mash_bionj	very_high	rep_001	results/phylo/mash_bionj/very_high/rep_001/inferred_tree.nwk	missing_from_inferred	S07,S08
mash_bionj	very_high	rep_001	results/phylo/mash_bionj/very_high/rep_001/inferred_tree.nwk	missing_from_inferred	S09,S10
mash_bionj	very_high	rep_001	results/phylo/mash_bionj/very_high/rep_001/inferred_tree.nwk	missing_from_inferred	S09,S10,S11,S12
mash_bionj	very_high	rep_001	results/phylo/mash_bionj/very_high/rep_001/inferred_tree.nwk	missing_from_inferred	S11,S12
mash_bionj	very_high	rep_001	results/phylo/mash_bionj/very_high/rep_001/inferred_tree.nwk	missing_from_inferred	S13,S14
mash_bionj	very_high	rep_001	results/phylo/mash_bionj/very_high/rep_001/inferred_tree.nwk	missing_from_inferred	S13,S14,S15,S16
mash_bionj	very_high	rep_001	results/phylo/mash_bionj/very_high/rep_001/inferred_tree.nwk	extra_in_inferred	S01,S02,S03,S04,S08
mash_bionj	very_high	rep_001	results/phylo/mash_bionj/very_high/rep_001/inferred_tree.nwk	extra_in_inferred	S01,S08
mash_bionj	very_high	rep_001	results/phylo/mash_bionj/very_high/rep_001/inferred_tree.nwk	extra_in_inferred	S02,S03
mash_bionj	very_high	rep_001	results/phylo/mash_bionj/very_high/rep_001/inferred_tree.nwk	extra_in_inferred	S02,S03,S04
mash_bionj	very_high	rep_001	results/phylo/mash_bionj/very_high/rep_001/inferred_tree.nwk	extra_in_inferred	S05,S06,S07
mash_bionj	very_high	rep_001	results/phylo/mash_bionj/very_high/rep_001/inferred_tree.nwk	extra_in_inferred	S09,S11,S13,S14,S15,S16
mash_bionj	very_high	rep_001	results/phylo/mash_bionj/very_high/rep_001/inferred_tree.nwk	extra_in_inferred	S10,S12
mash_bionj	very_high	rep_001	results/phylo/mash_bionj/very_high/rep_001/inferred_tree.nwk	extra_in_inferred	S11,S13
mash_bionj	very_high	rep_001	results/phylo/mash_bionj/very_high/rep_001/inferred_tree.nwk	extra_in_inferred	S11,S13,S14
mash_bionj	very_high	rep_001	results/phylo/mash_bionj/very_high/rep_001/inferred_tree.nwk	extra_in_inferred	S11,S13,S14,S15,S16
mafft_iqtree	very_low	rep_001	results/phylo/mafft_iqtree/very_low/rep_001/inferred_tree.nwk	matching	S01,S02
mafft_iqtree	very_low	rep_001	results/phylo/mafft_iqtree/very_low/rep_001/inferred_tree.nwk	matching	S01,S02,S03,S04
mafft_iqtree	very_low	rep_001	results/phylo/mafft_iqtree/very_low/rep_001/inferred_tree.nwk	matching	S01,S02,S03,S04,S05,S06,S07,S08
mafft_iqtree	very_low	rep_001	results/phylo/mafft_iqtree/very_low/rep_001/inferred_tree.nwk	matching	S03,S04
mafft_iqtree	very_low	rep_001	results/phylo/mafft_iqtree/very_low/rep_001/inferred_tree.nwk	matching	S05,S06
mafft_iqtree	very_low	rep_001	results/phylo/mafft_iqtree/very_low/rep_001/inferred_tree.nwk	matching	S05,S06,S07,S08
mafft_iqtree	very_low	rep_001	results/phylo/mafft_iqtree/very_low/rep_001/inferred_tree.nwk	matching	S07,S08
mafft_iqtree	very_low	rep_001	results/phylo/mafft_iqtree/very_low/rep_001/inferred_tree.nwk	matching	S09,S10
mafft_iqtree	very_low	rep_001	results/phylo/mafft_iqtree/very_low/rep_001/inferred_tree.nwk	matching	S09,S10,S11,S12
mafft_iqtree	very_low	rep_001	results/phylo/mafft_iqtree/very_low/rep_001/inferred_tree.nwk	matching	S11,S12
mafft_iqtree	very_low	rep_001	results/phylo/mafft_iqtree/very_low/rep_001/inferred_tree.nwk	matching	S13,S14
mafft_iqtree	very_low	rep_001	results/phylo/mafft_iqtree/very_low/rep_001/inferred_tree.nwk	matching	S13,S14,S15,S16
mafft_iqtree	very_low	rep_001	results/phylo/mafft_iqtree/very_low/rep_001/inferred_tree.nwk	matching	S15,S16
mafft_iqtree	low	rep_001	results/phylo/mafft_iqtree/low/rep_001/inferred_tree.nwk	matching	S01,S02
mafft_iqtree	low	rep_001	results/phylo/mafft_iqtree/low/rep_001/inferred_tree.nwk	matching	S01,S02,S03,S04
mafft_iqtree	low	rep_001	results/phylo/mafft_iqtree/low/rep_001/inferred_tree.nwk	matching	S01,S02,S03,S04,S05,S06,S07,S08
mafft_iqtree	low	rep_001	results/phylo/mafft_iqtree/low/rep_001/inferred_tree.nwk	matching	S03,S04
mafft_iqtree	low	rep_001	results/phylo/mafft_iqtree/low/rep_001/inferred_tree.nwk	matching	S05,S06
mafft_iqtree	low	rep_001	results/phylo/mafft_iqtree/low/rep_001/inferred_tree.nwk	matching	S05,S06,S07,S08
mafft_iqtree	low	rep_001	results/phylo/mafft_iqtree/low/rep_001/inferred_tree.nwk	matching	S07,S08
mafft_iqtree	low	rep_001	results/phylo/mafft_iqtree/low/rep_001/inferred_tree.nwk	matching	S09,S10
mafft_iqtree	low	rep_001	results/phylo/mafft_iqtree/low/rep_001/inferred_tree.nwk	matching	S09,S10,S11,S12
mafft_iqtree	low	rep_001	results/phylo/mafft_iqtree/low/rep_001/inferred_tree.nwk	matching	S11,S12
mafft_iqtree	low	rep_001	results/phylo/mafft_iqtree/low/rep_001/inferred_tree.nwk	matching	S13,S14
mafft_iqtree	low	rep_001	results/phylo/mafft_iqtree/low/rep_001/inferred_tree.nwk	matching	S13,S14,S15,S16
mafft_iqtree	low	rep_001	results/phylo/mafft_iqtree/low/rep_001/inferred_tree.nwk	matching	S15,S16
mafft_iqtree	normal	rep_001	results/phylo/mafft_iqtree/normal/rep_001/inferred_tree.nwk	matching	S01,S02
mafft_iqtree	normal	rep_001	results/phylo/mafft_iqtree/normal/rep_001/inferred_tree.nwk	matching	S01,S02,S03,S04
mafft_iqtree	normal	rep_001	results/phylo/mafft_iqtree/normal/rep_001/inferred_tree.nwk	matching	S01,S02,S03,S04,S05,S06,S07,S08
mafft_iqtree	normal	rep_001	results/phylo/mafft_iqtree/normal/rep_001/inferred_tree.nwk	matching	S03,S04
mafft_iqtree	normal	rep_001	results/phylo/mafft_iqtree/normal/rep_001/inferred_tree.nwk	matching	S05,S06
mafft_iqtree	normal	rep_001	results/phylo/mafft_iqtree/normal/rep_001/inferred_tree.nwk	matching	S05,S06,S07,S08
mafft_iqtree	normal	rep_001	results/phylo/mafft_iqtree/normal/rep_001/inferred_tree.nwk	matching	S07,S08
mafft_iqtree	normal	rep_001	results/phylo/mafft_iqtree/normal/rep_001/inferred_tree.nwk	matching	S09,S10
mafft_iqtree	normal	rep_001	results/phylo/mafft_iqtree/normal/rep_001/inferred_tree.nwk	matching	S09,S10,S11,S12
mafft_iqtree	normal	rep_001	results/phylo/mafft_iqtree/normal/rep_001/inferred_tree.nwk	matching	S11,S12
mafft_iqtree	normal	rep_001	results/phylo/mafft_iqtree/normal/rep_001/inferred_tree.nwk	matching	S13,S14
mafft_iqtree	normal	rep_001	results/phylo/mafft_iqtree/normal/rep_001/inferred_tree.nwk	matching	S13,S14,S15,S16
mafft_iqtree	normal	rep_001	results/phylo/mafft_iqtree/normal/rep_001/inferred_tree.nwk	matching	S15,S16
mafft_iqtree	high	rep_001	results/phylo/mafft_iqtree/high/rep_001/inferred_tree.nwk	matching	S01,S02,S03,S04
mafft_iqtree	high	rep_001	results/phylo/mafft_iqtree/high/rep_001/inferred_tree.nwk	matching	S01,S02,S03,S04,S05,S06,S07,S08
mafft_iqtree	high	rep_001	results/phylo/mafft_iqtree/high/rep_001/inferred_tree.nwk	matching	S03,S04
mafft_iqtree	high	rep_001	results/phylo/mafft_iqtree/high/rep_001/inferred_tree.nwk	matching	S05,S06
mafft_iqtree	high	rep_001	results/phylo/mafft_iqtree/high/rep_001/inferred_tree.nwk	matching	S07,S08
mafft_iqtree	high	rep_001	results/phylo/mafft_iqtree/high/rep_001/inferred_tree.nwk	matching	S09,S10
mafft_iqtree	high	rep_001	results/phylo/mafft_iqtree/high/rep_001/inferred_tree.nwk	matching	S09,S10,S11,S12
mafft_iqtree	high	rep_001	results/phylo/mafft_iqtree/high/rep_001/inferred_tree.nwk	matching	S11,S12
mafft_iqtree	high	rep_001	results/phylo/mafft_iqtree/high/rep_001/inferred_tree.nwk	matching	S13,S14
mafft_iqtree	high	rep_001	results/phylo/mafft_iqtree/high/rep_001/inferred_tree.nwk	matching	S13,S14,S15,S16
mafft_iqtree	high	rep_001	results/phylo/mafft_iqtree/high/rep_001/inferred_tree.nwk	matching	S15,S16
mafft_iqtree	high	rep_001	results/phylo/mafft_iqtree/high/rep_001/inferred_tree.nwk	missing_from_inferred	S01,S02
mafft_iqtree	high	rep_001	results/phylo/mafft_iqtree/high/rep_001/inferred_tree.nwk	missing_from_inferred	S05,S06,S07,S08
mafft_iqtree	high	rep_001	results/phylo/mafft_iqtree/high/rep_001/inferred_tree.nwk	extra_in_inferred	S01,S02,S03,S04,S05,S06
mafft_iqtree	high	rep_001	results/phylo/mafft_iqtree/high/rep_001/inferred_tree.nwk	extra_in_inferred	S02,S03,S04
mafft_iqtree	very_high	rep_001	results/phylo/mafft_iqtree/very_high/rep_001/inferred_tree.nwk	matching	S01,S02,S03,S04
mafft_iqtree	very_high	rep_001	results/phylo/mafft_iqtree/very_high/rep_001/inferred_tree.nwk	matching	S01,S02,S03,S04,S05,S06,S07,S08
mafft_iqtree	very_high	rep_001	results/phylo/mafft_iqtree/very_high/rep_001/inferred_tree.nwk	matching	S03,S04
mafft_iqtree	very_high	rep_001	results/phylo/mafft_iqtree/very_high/rep_001/inferred_tree.nwk	matching	S05,S06
mafft_iqtree	very_high	rep_001	results/phylo/mafft_iqtree/very_high/rep_001/inferred_tree.nwk	matching	S11,S12
mafft_iqtree	very_high	rep_001	results/phylo/mafft_iqtree/very_high/rep_001/inferred_tree.nwk	matching	S13,S14
mafft_iqtree	very_high	rep_001	results/phylo/mafft_iqtree/very_high/rep_001/inferred_tree.nwk	matching	S15,S16
mafft_iqtree	very_high	rep_001	results/phylo/mafft_iqtree/very_high/rep_001/inferred_tree.nwk	missing_from_inferred	S01,S02
mafft_iqtree	very_high	rep_001	results/phylo/mafft_iqtree/very_high/rep_001/inferred_tree.nwk	missing_from_inferred	S05,S06,S07,S08
mafft_iqtree	very_high	rep_001	results/phylo/mafft_iqtree/very_high/rep_001/inferred_tree.nwk	missing_from_inferred	S07,S08
mafft_iqtree	very_high	rep_001	results/phylo/mafft_iqtree/very_high/rep_001/inferred_tree.nwk	missing_from_inferred	S09,S10
mafft_iqtree	very_high	rep_001	results/phylo/mafft_iqtree/very_high/rep_001/inferred_tree.nwk	missing_from_inferred	S09,S10,S11,S12
mafft_iqtree	very_high	rep_001	results/phylo/mafft_iqtree/very_high/rep_001/inferred_tree.nwk	missing_from_inferred	S13,S14,S15,S16
mafft_iqtree	very_high	rep_001	results/phylo/mafft_iqtree/very_high/rep_001/inferred_tree.nwk	extra_in_inferred	S01,S02,S03,S04,S07,S08
mafft_iqtree	very_high	rep_001	results/phylo/mafft_iqtree/very_high/rep_001/inferred_tree.nwk	extra_in_inferred	S01,S02,S03,S04,S08
mafft_iqtree	very_high	rep_001	results/phylo/mafft_iqtree/very_high/rep_001/inferred_tree.nwk	extra_in_inferred	S02,S03,S04
mafft_iqtree	very_high	rep_001	results/phylo/mafft_iqtree/very_high/rep_001/inferred_tree.nwk	extra_in_inferred	S09,S13,S14
mafft_iqtree	very_high	rep_001	results/phylo/mafft_iqtree/very_high/rep_001/inferred_tree.nwk	extra_in_inferred	S09,S13,S14,S15,S16
mafft_iqtree	very_high	rep_001	results/phylo/mafft_iqtree/very_high/rep_001/inferred_tree.nwk	extra_in_inferred	S10,S11,S12
mauve_iqtree	very_low	rep_001	results/phylo/mauve_iqtree/very_low/rep_001/inferred_tree.nwk	matching	S01,S02
mauve_iqtree	very_low	rep_001	results/phylo/mauve_iqtree/very_low/rep_001/inferred_tree.nwk	matching	S01,S02,S03,S04
mauve_iqtree	very_low	rep_001	results/phylo/mauve_iqtree/very_low/rep_001/inferred_tree.nwk	matching	S01,S02,S03,S04,S05,S06,S07,S08
mauve_iqtree	very_low	rep_001	results/phylo/mauve_iqtree/very_low/rep_001/inferred_tree.nwk	matching	S03,S04
mauve_iqtree	very_low	rep_001	results/phylo/mauve_iqtree/very_low/rep_001/inferred_tree.nwk	matching	S05,S06
mauve_iqtree	very_low	rep_001	results/phylo/mauve_iqtree/very_low/rep_001/inferred_tree.nwk	matching	S05,S06,S07,S08
mauve_iqtree	very_low	rep_001	results/phylo/mauve_iqtree/very_low/rep_001/inferred_tree.nwk	matching	S07,S08
mauve_iqtree	very_low	rep_001	results/phylo/mauve_iqtree/very_low/rep_001/inferred_tree.nwk	matching	S09,S10
mauve_iqtree	very_low	rep_001	results/phylo/mauve_iqtree/very_low/rep_001/inferred_tree.nwk	matching	S09,S10,S11,S12
mauve_iqtree	very_low	rep_001	results/phylo/mauve_iqtree/very_low/rep_001/inferred_tree.nwk	matching	S11,S12
mauve_iqtree	very_low	rep_001	results/phylo/mauve_iqtree/very_low/rep_001/inferred_tree.nwk	matching	S13,S14
mauve_iqtree	very_low	rep_001	results/phylo/mauve_iqtree/very_low/rep_001/inferred_tree.nwk	matching	S13,S14,S15,S16
mauve_iqtree	very_low	rep_001	results/phylo/mauve_iqtree/very_low/rep_001/inferred_tree.nwk	matching	S15,S16
mauve_iqtree	low	rep_001	results/phylo/mauve_iqtree/low/rep_001/inferred_tree.nwk	matching	S01,S02
mauve_iqtree	low	rep_001	results/phylo/mauve_iqtree/low/rep_001/inferred_tree.nwk	matching	S01,S02,S03,S04
mauve_iqtree	low	rep_001	results/phylo/mauve_iqtree/low/rep_001/inferred_tree.nwk	matching	S01,S02,S03,S04,S05,S06,S07,S08
mauve_iqtree	low	rep_001	results/phylo/mauve_iqtree/low/rep_001/inferred_tree.nwk	matching	S03,S04
mauve_iqtree	low	rep_001	results/phylo/mauve_iqtree/low/rep_001/inferred_tree.nwk	matching	S05,S06
mauve_iqtree	low	rep_001	results/phylo/mauve_iqtree/low/rep_001/inferred_tree.nwk	matching	S05,S06,S07,S08
mauve_iqtree	low	rep_001	results/phylo/mauve_iqtree/low/rep_001/inferred_tree.nwk	matching	S07,S08
mauve_iqtree	low	rep_001	results/phylo/mauve_iqtree/low/rep_001/inferred_tree.nwk	matching	S09,S10
mauve_iqtree	low	rep_001	results/phylo/mauve_iqtree/low/rep_001/inferred_tree.nwk	matching	S09,S10,S11,S12
mauve_iqtree	low	rep_001	results/phylo/mauve_iqtree/low/rep_001/inferred_tree.nwk	matching	S11,S12
mauve_iqtree	low	rep_001	results/phylo/mauve_iqtree/low/rep_001/inferred_tree.nwk	matching	S13,S14
mauve_iqtree	low	rep_001	results/phylo/mauve_iqtree/low/rep_001/inferred_tree.nwk	matching	S13,S14,S15,S16
mauve_iqtree	low	rep_001	results/phylo/mauve_iqtree/low/rep_001/inferred_tree.nwk	matching	S15,S16
mauve_iqtree	normal	rep_001	results/phylo/mauve_iqtree/normal/rep_001/inferred_tree.nwk	matching	S01,S02
mauve_iqtree	normal	rep_001	results/phylo/mauve_iqtree/normal/rep_001/inferred_tree.nwk	matching	S01,S02,S03,S04
mauve_iqtree	normal	rep_001	results/phylo/mauve_iqtree/normal/rep_001/inferred_tree.nwk	matching	S01,S02,S03,S04,S05,S06,S07,S08
mauve_iqtree	normal	rep_001	results/phylo/mauve_iqtree/normal/rep_001/inferred_tree.nwk	matching	S03,S04
mauve_iqtree	normal	rep_001	results/phylo/mauve_iqtree/normal/rep_001/inferred_tree.nwk	matching	S05,S06
mauve_iqtree	normal	rep_001	results/phylo/mauve_iqtree/normal/rep_001/inferred_tree.nwk	matching	S05,S06,S07,S08
mauve_iqtree	normal	rep_001	results/phylo/mauve_iqtree/normal/rep_001/inferred_tree.nwk	matching	S07,S08
mauve_iqtree	normal	rep_001	results/phylo/mauve_iqtree/normal/rep_001/inferred_tree.nwk	matching	S09,S10
mauve_iqtree	normal	rep_001	results/phylo/mauve_iqtree/normal/rep_001/inferred_tree.nwk	matching	S09,S10,S11,S12
mauve_iqtree	normal	rep_001	results/phylo/mauve_iqtree/normal/rep_001/inferred_tree.nwk	matching	S11,S12
mauve_iqtree	normal	rep_001	results/phylo/mauve_iqtree/normal/rep_001/inferred_tree.nwk	matching	S13,S14
mauve_iqtree	normal	rep_001	results/phylo/mauve_iqtree/normal/rep_001/inferred_tree.nwk	matching	S15,S16
mauve_iqtree	normal	rep_001	results/phylo/mauve_iqtree/normal/rep_001/inferred_tree.nwk	missing_from_inferred	S13,S14,S15,S16
mauve_iqtree	normal	rep_001	results/phylo/mauve_iqtree/normal/rep_001/inferred_tree.nwk	extra_in_inferred	S09,S10,S11,S12,S13,S14
